<?xml version="1.0" encoding="UTF-8"?>
<!DOCTYPE mapper PUBLIC "-//mybatis.org//DTD Mapper 3.0//EN" "http://mybatis.org/dtd/mybatis-3-mapper.dtd">
<mapper namespace="com.experian.daas.litigation.dao.LitigationTransmissionLogDao">
	<resultMap id="BaseResultMap"
		type="com.experian.dto.entity.litigation.LitigationTransmissionLog">
		<id column="id" jdbcType="INTEGER" property="id" />
		<result column="updateDate" jdbcType="TIMESTAMP" property="updatedate" />
		<result column="beginDate" jdbcType="TIMESTAMP" property="begindate" />
		<result column="endDate" jdbcType="TIMESTAMP" property="enddate" />
	</resultMap>
	<delete id="deleteByPrimaryKey" parameterType="java.lang.Integer">
		delete from litigation_transmission_log
		where id = #{id,jdbcType=INTEGER}
	</delete>
	<insert id="insert"
		parameterType="com.experian.dto.entity.litigation.LitigationTransmissionLog">
		insert into litigation_transmission_log (id, updateDate, beginDate,
		endDate)
		values (#{id,jdbcType=INTEGER}, #{updatedate,jdbcType=TIMESTAMP},
		#{begindate,jdbcType=TIMESTAMP},
		#{enddate,jdbcType=TIMESTAMP})
	</insert>
	<update id="updateByPrimaryKey"
		parameterType="com.experian.dto.entity.litigation.LitigationTransmissionLog">
		update litigation_transmission_log
		set updateDate = #{updatedate,jdbcType=TIMESTAMP},
		beginDate = #{begindate,jdbcType=TIMESTAMP},
		endDate = #{enddate,jdbcType=TIMESTAMP}
		where id = #{id,jdbcType=INTEGER}
	</update>
	<select id="selectByPrimaryKey" parameterType="java.lang.Integer"
		resultMap="BaseResultMap">
		select id, updateDate, beginDate, endDate
		from litigation_transmission_log
		where id = #{id,jdbcType=INTEGER}
	</select>
	<select id="selectAll" resultMap="BaseResultMap">
		select id, updateDate, beginDate, endDate
		from litigation_transmission_log
	</select>

	<select id="selectLastestLog" resultMap="BaseResultMap">
		select * from
		litigation_transmission_log where
		id=(select max(id) from
		litigation_transmission_log)
	</select>
</mapper>