<?xml version="1.0" encoding="UTF-8"?>
<!DOCTYPE mapper PUBLIC "-//mybatis.org//DTD Mapper 3.0//EN" "http://mybatis.org/dtd/mybatis-3-mapper.dtd">
<mapper namespace="com.experian.daas.litigation.dao.LitigationCourtDao">
	<resultMap id="BaseResultMap"
		type="com.experian.dto.entity.litigation.LitigationCourt">
		<id column="id" jdbcType="INTEGER" property="id" />
		<result column="district_code" jdbcType="VARCHAR" property="districtCode" />
		<result column="name" jdbcType="VARCHAR" property="name" />
		<result column="court_code" jdbcType="VARCHAR" property="courtCode" />
		<result column="created_date" jdbcType="TIMESTAMP" property="createdDate" />
		<result column="insert_date" jdbcType="TIMESTAMP" property="insertDate" />
	</resultMap>
	<delete id="deleteByPrimaryKey" parameterType="java.lang.Integer">
		delete from litigation_court
		where id = #{id,jdbcType=INTEGER}
	</delete>
	<insert id="insert" parameterType="com.experian.dto.entity.litigation.LitigationCourt">
		insert into litigation_court (id, district_code, name,
		court_code, created_date, insert_date
		)
		values (#{id,jdbcType=INTEGER}, #{districtCode,jdbcType=VARCHAR},
		#{name,jdbcType=VARCHAR},
		#{courtCode,jdbcType=VARCHAR}, #{createdDate,jdbcType=TIMESTAMP}, #{insertDate,jdbcType=TIMESTAMP}
		)
	</insert>
	<update id="updateByPrimaryKey" parameterType="com.experian.dto.entity.litigation.LitigationCourt">
		update litigation_court
		set district_code = #{districtCode,jdbcType=VARCHAR},
		name = #{name,jdbcType=VARCHAR},
		court_code = #{courtCode,jdbcType=VARCHAR},
		created_date = #{createdDate,jdbcType=TIMESTAMP},
		insert_date = #{insertDate,jdbcType=TIMESTAMP}
		where id = #{id,jdbcType=INTEGER}
	</update>
	<select id="selectByPrimaryKey" parameterType="java.lang.Integer"
		resultMap="BaseResultMap">
		select id, district_code, name, court_code, created_date, insert_date
		from litigation_court
		where id = #{id,jdbcType=INTEGER}
	</select>
	<select id="selectAll" resultMap="BaseResultMap">
		select id, district_code, name, court_code, created_date, insert_date
		from litigation_court
	</select>
</mapper>