<?xml version="1.0" encoding="UTF-8"?>
<!DOCTYPE mapper PUBLIC "-//mybatis.org//DTD Mapper 3.0//EN" "http://mybatis.org/dtd/mybatis-3-mapper.dtd">
<mapper namespace="com.experian.daas.litigation.dao.LitigationTempPartyDao">
	<resultMap id="BaseResultMap"
		type="com.experian.dto.entity.litigation.LitigationTempParty">
		<id column="id" jdbcType="VARCHAR" property="id" />
		<result column="supplier_id" jdbcType="CHAR" property="supplierId" />
		<result column="parsed_data_detail_id" jdbcType="VARCHAR"
			property="parsedDataDetailId" />
		<result column="name" jdbcType="VARCHAR" property="name" />
		<result column="sbdnum" jdbcType="VARCHAR" property="sbdnum" />
		<result column="party_category_id" jdbcType="INTEGER" property="partyCategoryId" />
		<result column="legal_representative" jdbcType="VARCHAR"
			property="legalRepresentative" />
		<result column="organization_code" jdbcType="VARCHAR" property="organizationCode" />
		<result column="identification_number" jdbcType="VARCHAR"
			property="identificationNumber" />
		<result column="date_of_birth" jdbcType="VARCHAR" property="dateOfBirth" />
		<result column="address" jdbcType="VARCHAR" property="address" />
		<result column="organization_name" jdbcType="VARCHAR" property="organizationName" />
		<result column="amount_involved" jdbcType="DECIMAL" property="amountInvolved" />
		<result column="amount_to_be_executed" jdbcType="DECIMAL"
			property="amountToBeExecuted" />
		<result column="updated_date" jdbcType="TIMESTAMP" property="updatedDate" />
		<result column="accuse_date" jdbcType="TIMESTAMP" property="accuseDate" />
		<result column="insert_date" jdbcType="TIMESTAMP" property="insertDate" />
	</resultMap>
	<delete id="deleteByPrimaryKey" parameterType="java.lang.String">
		delete from litigation_temp_party
		where id = #{id,jdbcType=VARCHAR}
	</delete>
	<insert id="insert"
		parameterType="com.experian.dto.entity.litigation.LitigationTempParty">
		insert into litigation_temp_party (id, supplier_id, parsed_data_detail_id,
		name, sbdnum, party_category_id,
		legal_representative, organization_code,
		identification_number, date_of_birth, address,
		organization_name, amount_involved, amount_to_be_executed,
		updated_date, accuse_date, insert_date
		)
		values (#{id,jdbcType=VARCHAR}, #{supplierId,jdbcType=CHAR},
		#{parsedDataDetailId,jdbcType=VARCHAR},
		#{name,jdbcType=VARCHAR}, #{sbdnum,jdbcType=VARCHAR}, #{partyCategoryId,jdbcType=INTEGER},
		#{legalRepresentative,jdbcType=VARCHAR},
		#{organizationCode,jdbcType=VARCHAR},
		#{identificationNumber,jdbcType=VARCHAR},
		#{dateOfBirth,jdbcType=VARCHAR}, #{address,jdbcType=VARCHAR},
		#{organizationName,jdbcType=VARCHAR},
		#{amountInvolved,jdbcType=DECIMAL},
		#{amountToBeExecuted,jdbcType=DECIMAL},
		#{updatedDate,jdbcType=TIMESTAMP}, #{accuseDate,jdbcType=TIMESTAMP},
		#{insertDate,jdbcType=TIMESTAMP}
		)
	</insert>
	<update id="updateByPrimaryKey"
		parameterType="com.experian.dto.entity.litigation.LitigationTempParty">
		update litigation_temp_party
		set supplier_id = #{supplierId,jdbcType=CHAR},
		parsed_data_detail_id = #{parsedDataDetailId,jdbcType=VARCHAR},
		name = #{name,jdbcType=VARCHAR},
		sbdnum = #{sbdnum,jdbcType=VARCHAR},
		party_category_id = #{partyCategoryId,jdbcType=INTEGER},
		legal_representative = #{legalRepresentative,jdbcType=VARCHAR},
		organization_code = #{organizationCode,jdbcType=VARCHAR},
		identification_number = #{identificationNumber,jdbcType=VARCHAR},
		date_of_birth = #{dateOfBirth,jdbcType=VARCHAR},
		address = #{address,jdbcType=VARCHAR},
		organization_name = #{organizationName,jdbcType=VARCHAR},
		amount_involved = #{amountInvolved,jdbcType=DECIMAL},
		amount_to_be_executed = #{amountToBeExecuted,jdbcType=DECIMAL},
		updated_date = #{updatedDate,jdbcType=TIMESTAMP},
		accuse_date = #{accuseDate,jdbcType=TIMESTAMP},
		insert_date = #{insertDate,jdbcType=TIMESTAMP}
		where id = #{id,jdbcType=VARCHAR}
	</update>
	<select id="selectByPrimaryKey" parameterType="java.lang.String"
		resultMap="BaseResultMap">
		select id, supplier_id, parsed_data_detail_id, name, sbdnum,
		party_category_id, legal_representative,
		organization_code, identification_number, date_of_birth, address, organization_name,
		amount_involved, amount_to_be_executed, updated_date, accuse_date,
		insert_date
		from litigation_temp_party
		where id = #{id,jdbcType=VARCHAR}
	</select>
	<select id="selectAll" resultMap="BaseResultMap">
		select id, supplier_id, parsed_data_detail_id, name, sbdnum,
		party_category_id, legal_representative,
		organization_code, identification_number, date_of_birth, address, organization_name,
		amount_involved, amount_to_be_executed, updated_date, accuse_date,
		insert_date
		from litigation_temp_party
	</select>


	<!--不能覆盖 -->
	<select id="selectByDetailId" parameterType="string" resultMap="BaseResultMap">
		select * from litigation_temp_party where parsed_data_detail_id =
		#{detailId}
	</select>

	<insert id="batchInset" parameterType="java.util.List">
		insert into litigation_temp_party
		values
		<foreach collection="litigationTempPartyList" index="index"
			item="party" separator=",">
			(#{party.id,jdbcType=VARCHAR},
			#{party.supplierId,jdbcType=VARCHAR},
			#{party.parsedDataDetailId,jdbcType=VARCHAR},
			#{party.name,jdbcType=VARCHAR},
			#{party.sbdnum,jdbcType=VARCHAR},
			#{party.partyCategoryId,jdbcType=INTEGER},
			#{party.legalRepresentative,jdbcType=VARCHAR},
			#{party.organizationCode,jdbcType=VARCHAR},
			#{party.identificationNumber,jdbcType=VARCHAR},
			#{party.dateOfBirth,jdbcType=DATE},
			#{party.address,jdbcType=VARCHAR},
			#{party.organizationName,jdbcType=VARCHAR},
			#{party.amountInvolved,jdbcType=NUMERIC},
			#{party.amountToBeExecuted,jdbcType=NUMERIC},
			#{party.updatedDate,jdbcType=TIMESTAMP},
			#{party.accuseDate,jdbcType=TIMESTAMP},
			#{party.insertDate,jdbcType=TIMESTAMP})
		</foreach>
	</insert>
</mapper>