<?xml version="1.0" encoding="UTF-8"?>
<!DOCTYPE mapper PUBLIC "-//mybatis.org//DTD Mapper 3.0//EN" "http://mybatis.org/dtd/mybatis-3-mapper.dtd">
<mapper namespace="com.experian.daas.litigation.dao.LitigationPartyCategoryDao">
	<resultMap id="BaseResultMap"
		type="com.experian.dto.entity.litigation.LitigationPartyCategory">
		<id column="id" jdbcType="INTEGER" property="id" />
		<result column="name" jdbcType="VARCHAR" property="name" />
		<result column="insert_date" jdbcType="TIMESTAMP" property="insertDate" />
	</resultMap>
	<delete id="deleteByPrimaryKey" parameterType="java.lang.Integer">
		delete from litigation_party_category
		where id = #{id,jdbcType=INTEGER}
	</delete>
	<insert id="insert"
		parameterType="com.experian.dto.entity.litigation.LitigationPartyCategory">
		insert into litigation_party_category (id, name, insert_date
		)
		values (#{id,jdbcType=INTEGER}, #{name,jdbcType=VARCHAR},
		#{insertDate,jdbcType=TIMESTAMP}
		)
	</insert>
	<update id="updateByPrimaryKey"
		parameterType="com.experian.dto.entity.litigation.LitigationPartyCategory">
		update litigation_party_category
		set name = #{name,jdbcType=VARCHAR},
		insert_date = #{insertDate,jdbcType=TIMESTAMP}
		where id = #{id,jdbcType=INTEGER}
	</update>
	<select id="selectByPrimaryKey" parameterType="java.lang.Integer"
		resultMap="BaseResultMap">
		select id, name, insert_date
		from litigation_party_category
		where id = #{id,jdbcType=INTEGER}
	</select>
	<select id="selectAll" resultMap="BaseResultMap">
		select id, name, insert_date
		from litigation_party_category
	</select>
</mapper>